"id","shoe_id"
"9ed3bb03-1645-4bea-854e-f3c6af8ba84b","7331b8b2-1b37-406b-83fd-029e5fbe39d4"
"76ef1d81-393f-41e5-b3a4-8d4393e1a3a2","0a8dbe7e-4534-47a0-a358-9cc63828d491"
"2193090c-c4f1-4905-8552-06b578dcfaf3","7331b8b2-1b37-406b-83fd-029e5fbe39d4"
"b2908058-0fbf-4e6e-8dff-85130ada70c8","7331b8b2-1b37-406b-83fd-029e5fbe39d4"
"eb501889-8b70-45fc-a420-65712e1d75f1","7331b8b2-1b37-406b-83fd-029e5fbe39d4"
"a99dceca-e477-4e19-b5ae-bb532198bd43","0a8dbe7e-4534-47a0-a358-9cc63828d491"
"5418584f-a2d5-44e8-bfd2-b18cc1ceb81b","7331b8b2-1b37-406b-83fd-029e5fbe39d4"
"9fa30eac-fa41-4685-bbdb-067c164c58c0","7331b8b2-1b37-406b-83fd-029e5fbe39d4"
"55af2aec-04eb-4189-8d91-d8d366c1b148","0a8dbe7e-4534-47a0-a358-9cc63828d491"
"d4b8d505-711e-4de7-806d-877691eeb473","0a8dbe7e-4534-47a0-a358-9cc63828d491"
"4747cf15-94aa-41e7-a4c3-75b923fe217c","0a8dbe7e-4534-47a0-a358-9cc63828d491"
"32669260-726b-43ff-82ae-e99a4945b6e5","0a8dbe7e-4534-47a0-a358-9cc63828d491"
"ef8873f0-ea3c-4320-9ad5-6f6bae9d555b","0a8dbe7e-4534-47a0-a358-9cc63828d491"
"98048d3d-e9c0-49a9-84f8-e33a9df8ce53","0a8dbe7e-4534-47a0-a358-9cc63828d491"
"07beca1f-1204-4a66-9512-8c3b673cbae6","0a8dbe7e-4534-47a0-a358-9cc63828d491"
"6bc626a2-9883-4948-8b46-0577e740edd3","0a8dbe7e-4534-47a0-a358-9cc63828d491"
"64ccf3c2-fc4f-4a06-a18d-bd5157794f81","0a8dbe7e-4534-47a0-a358-9cc63828d491"
"863ec01c-4f26-49fc-9a8c-a5ad797bc41a","0a8dbe7e-4534-47a0-a358-9cc63828d491"
"8f38a914-1b88-4d3e-bb49-6cd8e6a305bc","0a8dbe7e-4534-47a0-a358-9cc63828d491"
"740d9da7-6649-4021-8b1e-2a1ebf67f0b4","0a8dbe7e-4534-47a0-a358-9cc63828d491"
"f71b6650-cc75-47cf-a487-5b3767f95a75","0a8dbe7e-4534-47a0-a358-9cc63828d491"
"f6f14330-56cf-44c3-a3a3-b8502425c332","0a8dbe7e-4534-47a0-a358-9cc63828d491"
"cfc70b9c-5a99-4703-b5e8-ad2ab5d1dc56","0a8dbe7e-4534-47a0-a358-9cc63828d491"
"089c6226-ce07-4e30-af85-987178c4bf14","0a8dbe7e-4534-47a0-a358-9cc63828d491"
"e6119a5b-f099-43a2-9fb6-b72273df8416","0a8dbe7e-4534-47a0-a358-9cc63828d491"
"4c78c108-a3fc-432f-a76e-e6f7f5d87d44","0a8dbe7e-4534-47a0-a358-9cc63828d491"
"208a3f42-b028-45c3-bed2-7e9170eff67b","0a8dbe7e-4534-47a0-a358-9cc63828d491"
"31388de6-7e81-488c-b881-bec044a6678a","0a8dbe7e-4534-47a0-a358-9cc63828d491"
"0084954d-7b81-4ede-a7f1-4c82d6d8e8d5","0a8dbe7e-4534-47a0-a358-9cc63828d491"
"b30965fd-d221-426b-b19c-d91c1dd1f781","0a8dbe7e-4534-47a0-a358-9cc63828d491"
"88120815-b896-4bb4-9586-8572d28fe9a9","0a8dbe7e-4534-47a0-a358-9cc63828d491"
"f6a76c7f-4ac6-4f1a-85c2-e426836d80d4","0a8dbe7e-4534-47a0-a358-9cc63828d491"
"bf4693a4-9492-42eb-9a1a-82c8489bc270","0a8dbe7e-4534-47a0-a358-9cc63828d491"
"ce8b95f5-9d92-4c27-9d88-d089928c8fc0","0a8dbe7e-4534-47a0-a358-9cc63828d491"
"c925ae77-1903-4d86-82e2-ad0d758f6bbd","ade91c18-10fb-44bb-91e1-eed3820dbbc4"
"507e019e-d151-4a9c-a690-60d5ace45d23","0a8dbe7e-4534-47a0-a358-9cc63828d491"
"28f5f754-a6b7-476d-967a-a35ace9ff42b","0a8dbe7e-4534-47a0-a358-9cc63828d491"
"fdd5decd-8c7c-499c-8520-62f21287f9cd","0a8dbe7e-4534-47a0-a358-9cc63828d491"
"2317c631-56f6-4425-b6f6-834ad9f5cc99","0a8dbe7e-4534-47a0-a358-9cc63828d491"
"00d1a054-1d1a-4134-bb58-237b166aaad8","0a8dbe7e-4534-47a0-a358-9cc63828d491"
"a510dd43-5c52-47cf-9c0c-13a33ee84f23","0a8dbe7e-4534-47a0-a358-9cc63828d491"
"d8988264-8e67-44ea-9322-99d9b7a76090","0a8dbe7e-4534-47a0-a358-9cc63828d491"
"66974192-bb20-4c77-9fd9-b4cc6999b2a6","0a8dbe7e-4534-47a0-a358-9cc63828d491"
"4807b536-7f81-4f59-ba7a-62b9bde9a9dc","0a8dbe7e-4534-47a0-a358-9cc63828d491"
"4fb5fee9-779d-4d5a-80bd-e2b503f549e5","d3b929c4-2e81-4068-81aa-6181a9ee6867"
"d7f903e1-9b9f-4697-8dcc-7c2e5eaf5d89","d11ddad2-28cd-4ab9-81d3-a4fef312877d"
"f1c6c6b7-2077-43ef-8948-e0e16f68a699","d11ddad2-28cd-4ab9-81d3-a4fef312877d"
"f9c1e779-269e-49f7-8d7d-36b9997e1b4f","7331b8b2-1b37-406b-83fd-029e5fbe39d4"
"a829e13c-5629-434c-8cc2-9c2e065ad782","7331b8b2-1b37-406b-83fd-029e5fbe39d4"
"9dbcb887-7417-4a60-97c8-ed7387c9e1ba","7331b8b2-1b37-406b-83fd-029e5fbe39d4"
"03056bb7-e484-4a82-bde6-1658759de464","7331b8b2-1b37-406b-83fd-029e5fbe39d4"
"bee0ce13-9148-483f-90db-0f1e5633652c","ade91c18-10fb-44bb-91e1-eed3820dbbc4"
"24de2796-779d-43d5-9506-16464bf8b768","7331b8b2-1b37-406b-83fd-029e5fbe39d4"
"e6a78815-ea85-49f4-997d-6448808eb367","7331b8b2-1b37-406b-83fd-029e5fbe39d4"
"b4106207-63c9-43d3-9675-b30fa6d639a1","7331b8b2-1b37-406b-83fd-029e5fbe39d4"
"e366a926-2312-40b9-ab63-47a872c72c5e","7331b8b2-1b37-406b-83fd-029e5fbe39d4"
"987f781f-b875-44f1-a1a1-7acaebe09307","7331b8b2-1b37-406b-83fd-029e5fbe39d4"
"ec6060d5-717f-4654-93ba-60a2c86c9ec4","7331b8b2-1b37-406b-83fd-029e5fbe39d4"
"4f8bb27a-fb84-4bbd-8786-157af44e8f5d","ade91c18-10fb-44bb-91e1-eed3820dbbc4"
"7b85e2d2-ee2e-454a-b923-2443c4a1b6f2","7331b8b2-1b37-406b-83fd-029e5fbe39d4"
"515c60eb-3aa3-4293-8c6f-0844881af21c","7331b8b2-1b37-406b-83fd-029e5fbe39d4"
"c3ac8b80-7ef9-42a4-b549-6ff9612ff10a","7331b8b2-1b37-406b-83fd-029e5fbe39d4"
"1d9c8e96-8c7f-49c4-a444-cd13485e3a29","7331b8b2-1b37-406b-83fd-029e5fbe39d4"
"0dc8298f-4ae1-44fb-ba9e-d99d5cdf409a","7331b8b2-1b37-406b-83fd-029e5fbe39d4"
"6eb4c9db-1c6b-46e6-9fb4-bdadf0b7e96b","ade91c18-10fb-44bb-91e1-eed3820dbbc4"
"bdbea424-8f48-400f-8f1c-154a8c2e8854","7331b8b2-1b37-406b-83fd-029e5fbe39d4"
"7208433d-09b5-414d-bc42-4c0ac3c7ca97","ade91c18-10fb-44bb-91e1-eed3820dbbc4"
"04424410-cb66-4c84-8a54-16f5d6b8535c","7331b8b2-1b37-406b-83fd-029e5fbe39d4"
"055b86bd-145b-422b-86b9-3645741304af","7331b8b2-1b37-406b-83fd-029e5fbe39d4"
"20fc9beb-df04-4ef1-bf3f-3380530abbda","7331b8b2-1b37-406b-83fd-029e5fbe39d4"
"46ede971-a277-4c54-97fe-bd7cc6dc6858","7331b8b2-1b37-406b-83fd-029e5fbe39d4"
"9c8d99a6-9bdb-4f05-bd32-4d63f4f48383","7331b8b2-1b37-406b-83fd-029e5fbe39d4"
"2b4c48b2-e7fb-4a3e-9fbd-bc5b2b3ce20a","7331b8b2-1b37-406b-83fd-029e5fbe39d4"
"cec16df3-053a-4160-8143-74516bf86664","7331b8b2-1b37-406b-83fd-029e5fbe39d4"
"825afd67-8dc2-40f6-a9b5-b30db9924f74","ade91c18-10fb-44bb-91e1-eed3820dbbc4"
"ed44bf01-21bc-4fa0-89d9-30ec82a8b354","7331b8b2-1b37-406b-83fd-029e5fbe39d4"
"45110de3-6040-4e31-a673-2909b5cb5acc","7331b8b2-1b37-406b-83fd-029e5fbe39d4"
"0812aecc-e6de-430b-ad50-a2ed4cb35775","7331b8b2-1b37-406b-83fd-029e5fbe39d4"
"e590ea62-86da-42a2-8b8b-93be818179a1","7331b8b2-1b37-406b-83fd-029e5fbe39d4"
"b613e002-a919-4ec2-b558-6e9bb1d786cb","7331b8b2-1b37-406b-83fd-029e5fbe39d4"
"e7550034-0208-4de5-88b2-7eefc686f0ae","7331b8b2-1b37-406b-83fd-029e5fbe39d4"
"bf91fa35-715b-4cf6-b32e-a939a60e53f9","7331b8b2-1b37-406b-83fd-029e5fbe39d4"
"31f56c30-1f88-45d8-b2df-7ddbfd6372fd","7331b8b2-1b37-406b-83fd-029e5fbe39d4"
"143fb052-5291-4905-b9a4-3c1006c76413","7331b8b2-1b37-406b-83fd-029e5fbe39d4"
"fc129243-5285-409f-8072-a59642157a4c","7331b8b2-1b37-406b-83fd-029e5fbe39d4"
"810401b4-1a45-4f74-9224-aa64c79c1a26","7331b8b2-1b37-406b-83fd-029e5fbe39d4"
"08b88388-f3d8-4fd9-bf9a-fa1727a3afa3","7331b8b2-1b37-406b-83fd-029e5fbe39d4"
"2d5a5337-e46c-469d-bd10-5f6c3ab77d7f","7331b8b2-1b37-406b-83fd-029e5fbe39d4"
"5f46b8f3-c839-492c-9a07-0acec25116d7","7331b8b2-1b37-406b-83fd-029e5fbe39d4"
"0dca1b40-9410-4971-b09d-daaf2e35f8c5","ade91c18-10fb-44bb-91e1-eed3820dbbc4"
"a23810cb-370c-450c-ad7e-ecaab314d746","7331b8b2-1b37-406b-83fd-029e5fbe39d4"
"adce914a-f7c0-426d-a1b0-10fd8e986825","ade91c18-10fb-44bb-91e1-eed3820dbbc4"
"72259137-2266-43b2-a01b-88a6a1bda1f6","ade91c18-10fb-44bb-91e1-eed3820dbbc4"
"26445579-b81a-4658-a7fc-e2ad5b3f8e8f","7331b8b2-1b37-406b-83fd-029e5fbe39d4"
"bd6b7a3b-15eb-4080-8567-ec955a9a5494","7331b8b2-1b37-406b-83fd-029e5fbe39d4"
"9b4c09ca-846f-44fa-893b-abccbc761385","7331b8b2-1b37-406b-83fd-029e5fbe39d4"
"c1cdec66-ab1e-4bf8-a87c-99c18a73b04d","7331b8b2-1b37-406b-83fd-029e5fbe39d4"
"a10e4632-e21d-4155-9498-5e7d224494d3","7331b8b2-1b37-406b-83fd-029e5fbe39d4"
"3eb02b28-b982-409a-bdbe-3803aa7bd2a4","7331b8b2-1b37-406b-83fd-029e5fbe39d4"
"48159652-11f8-4166-9f91-76b41f4767a3","7331b8b2-1b37-406b-83fd-029e5fbe39d4"
"a33ffecc-9351-4f1c-a71e-f1c1ebd6d3b0","ade91c18-10fb-44bb-91e1-eed3820dbbc4"
"94363ab9-fb6b-4fb8-8d4c-1be6bb8d7798","7331b8b2-1b37-406b-83fd-029e5fbe39d4"
"1e062397-2202-4ca0-87e6-1a89507e1f48","d3b929c4-2e81-4068-81aa-6181a9ee6867"
"98c1a9ef-d593-4c77-9539-90a9f68dd274","7331b8b2-1b37-406b-83fd-029e5fbe39d4"
"7d4ba78e-e22d-4557-8628-5ee213519ea2","ade91c18-10fb-44bb-91e1-eed3820dbbc4"
"f441a72e-5e10-468a-a6b3-98cdf242a0de","7331b8b2-1b37-406b-83fd-029e5fbe39d4"
"5202cf5d-f1c4-44a4-a912-a19cb401a337","7331b8b2-1b37-406b-83fd-029e5fbe39d4"
"908205ab-4ef6-4329-bd99-f923142dc577","d3b929c4-2e81-4068-81aa-6181a9ee6867"
"c62aef01-93db-420f-acc6-7606a97013f5","d3b929c4-2e81-4068-81aa-6181a9ee6867"
"db177f90-9f72-47ff-95f3-44740d087451","d11ddad2-28cd-4ab9-81d3-a4fef312877d"
"f5dfed9a-09db-4dbe-9da4-a4ad95d8934f","7331b8b2-1b37-406b-83fd-029e5fbe39d4"
"da9d7aa5-1727-4376-adec-d7370a86f44b","7331b8b2-1b37-406b-83fd-029e5fbe39d4"
"e144fcc8-e50b-4447-b88d-0ca16279937a","7331b8b2-1b37-406b-83fd-029e5fbe39d4"
"2386600b-5714-48c1-8c9b-d2530f5b7af0","7331b8b2-1b37-406b-83fd-029e5fbe39d4"
"92a08f83-8b14-4833-bf47-4ca01e6ee672","d3b929c4-2e81-4068-81aa-6181a9ee6867"
"0633f3cc-c2d9-4dc7-9e24-2a74d7ae56ae","7331b8b2-1b37-406b-83fd-029e5fbe39d4"
"f76ff0f3-bc17-4c01-b284-610497e74261","7331b8b2-1b37-406b-83fd-029e5fbe39d4"
"5188f984-b52a-4773-90e5-dfb4c1fd09b2","7331b8b2-1b37-406b-83fd-029e5fbe39d4"
"5e3910c6-e7aa-454b-b67f-7fa9c0023aff","ade91c18-10fb-44bb-91e1-eed3820dbbc4"
"d81039a4-a114-40fb-bf9c-125df4f9016b","ade91c18-10fb-44bb-91e1-eed3820dbbc4"
"e0bbe2f0-e5f1-43ce-b9e4-d16e53b4214b","d11ddad2-28cd-4ab9-81d3-a4fef312877d"
"bc9f52d5-dbd5-4a8c-a507-54a8be5d969b","d11ddad2-28cd-4ab9-81d3-a4fef312877d"
"662cdbea-e7e8-4357-b182-afb977abf60e","7331b8b2-1b37-406b-83fd-029e5fbe39d4"
"67bdcd4c-d6e0-44c3-a633-a4a6711bfb82","7331b8b2-1b37-406b-83fd-029e5fbe39d4"
"75afc3e2-e05e-40fb-bb54-dd20c308b8ed","7331b8b2-1b37-406b-83fd-029e5fbe39d4"
"745f75fa-4666-4ffb-95da-4f03b2ef8367","7331b8b2-1b37-406b-83fd-029e5fbe39d4"
"94896735-3a7f-4a0e-af9a-0116c3d41552","7331b8b2-1b37-406b-83fd-029e5fbe39d4"
"55bb823a-e2d0-4781-a1f6-a650adb91c58","7331b8b2-1b37-406b-83fd-029e5fbe39d4"
"168d5878-2f32-4059-8ac4-c6e9e3eea02a","7331b8b2-1b37-406b-83fd-029e5fbe39d4"
"57a3549e-8934-47aa-ab1c-0235ca0855f4","ade91c18-10fb-44bb-91e1-eed3820dbbc4"
"4274e796-a86a-4756-8d87-96c97bafdda5","7331b8b2-1b37-406b-83fd-029e5fbe39d4"
"9559d474-507b-416a-9f57-6d42e478fd30","7331b8b2-1b37-406b-83fd-029e5fbe39d4"
"4ad87cd5-319b-4acc-90af-bd38041160ee","7331b8b2-1b37-406b-83fd-029e5fbe39d4"
"a399f233-68a2-4185-80e1-3358c21eda23","7331b8b2-1b37-406b-83fd-029e5fbe39d4"
"af27c07f-08c3-4507-9697-31ef6086a909","7331b8b2-1b37-406b-83fd-029e5fbe39d4"
"4c3c3bf1-b134-4fcd-8f7c-8cc4dc9b6f9c","7331b8b2-1b37-406b-83fd-029e5fbe39d4"
"b930907d-59cb-4ebe-bf88-9206b9ddc9a5","7331b8b2-1b37-406b-83fd-029e5fbe39d4"
"6abb8aad-30fc-4ec2-a595-faf9432a027d","7331b8b2-1b37-406b-83fd-029e5fbe39d4"
"ab97e76e-d21a-4df0-aa92-b475b3ee9c9e","7331b8b2-1b37-406b-83fd-029e5fbe39d4"
"dfb9765e-251c-4558-9822-a94aa87bcc1e","7331b8b2-1b37-406b-83fd-029e5fbe39d4"
"7029625b-1970-440f-95da-a2d7f9828315","7331b8b2-1b37-406b-83fd-029e5fbe39d4"
"ef46191b-7f74-4527-ac25-eaf7ea10e649","7331b8b2-1b37-406b-83fd-029e5fbe39d4"
"68566576-c720-4111-87dc-e0426f5d87d3","7331b8b2-1b37-406b-83fd-029e5fbe39d4"
"97054ad3-e2c1-48c2-a92e-622a33497789","d3b929c4-2e81-4068-81aa-6181a9ee6867"
"08a112dc-e9e7-4840-a54b-20ae6fd8df76","d3b929c4-2e81-4068-81aa-6181a9ee6867"
"54e7a47d-59b1-47fd-a44c-054b8efd26b8","7331b8b2-1b37-406b-83fd-029e5fbe39d4"
"96a61ce0-c70d-47dc-be02-6b54601887bd","7331b8b2-1b37-406b-83fd-029e5fbe39d4"
"c7335609-9aab-4e96-bd5d-5eec2780c77e","7331b8b2-1b37-406b-83fd-029e5fbe39d4"
"cd50b333-a3e8-4d22-9cf1-b6111c2f00ff","d3b929c4-2e81-4068-81aa-6181a9ee6867"
"aacc430f-08f4-406f-a9ea-8b8764edc787","97b908ed-4d81-43c3-a389-b96dbf780f82"
"903ff635-ced6-4f56-b4eb-f90ca9956ee7","d11ddad2-28cd-4ab9-81d3-a4fef312877d"
"118bf919-556d-4c00-b43d-577ea4c2f484","d3b929c4-2e81-4068-81aa-6181a9ee6867"
"a9213b2c-8ae9-4caf-8330-8f6622efc3af","d3b929c4-2e81-4068-81aa-6181a9ee6867"
"fe3b24c4-c24c-4683-8bf5-4b7f83a7e24c","d11ddad2-28cd-4ab9-81d3-a4fef312877d"
"2506abfa-d5ac-4bfd-9d3d-ea4fd82bde01","97b908ed-4d81-43c3-a389-b96dbf780f82"
"04b49f5d-f337-459c-ab2a-3fd0de2f4d78","d11ddad2-28cd-4ab9-81d3-a4fef312877d"
"4fda76d7-2422-4dc4-8fad-c6a8fd004882","d11ddad2-28cd-4ab9-81d3-a4fef312877d"
"a698b765-3688-4c09-a769-9e80139271b6","d11ddad2-28cd-4ab9-81d3-a4fef312877d"
"a8f85775-992d-4ce0-b6a9-ca870499bd8c","d11ddad2-28cd-4ab9-81d3-a4fef312877d"
"e906d65c-a030-4d1f-b1ed-c656c4eb92ff","d11ddad2-28cd-4ab9-81d3-a4fef312877d"
"ae79b32a-0e1c-4a94-988a-8f10ec43b79e","d11ddad2-28cd-4ab9-81d3-a4fef312877d"
"14003bf0-80b9-403d-a543-9f037f15bc88","d3b929c4-2e81-4068-81aa-6181a9ee6867"
"124db839-7c6a-41ca-9414-fa3d4623b9a6","d11ddad2-28cd-4ab9-81d3-a4fef312877d"
"08d6a0d7-9bfb-46e2-be33-69672177064f","d11ddad2-28cd-4ab9-81d3-a4fef312877d"
"74eae5d4-6b73-4866-8f03-0aa7a7077c9b","d11ddad2-28cd-4ab9-81d3-a4fef312877d"
"7286f4be-43cb-476b-ae1f-d5eab5ccd192","ade91c18-10fb-44bb-91e1-eed3820dbbc4"
"07dd0ccf-1878-4a3c-9eda-b584c392eeb2","ade91c18-10fb-44bb-91e1-eed3820dbbc4"
"cf71ddb0-4ccc-4a58-9016-3f0c269adf34","d11ddad2-28cd-4ab9-81d3-a4fef312877d"
"ad303e08-708e-476a-a170-db89d8dab8a7","d11ddad2-28cd-4ab9-81d3-a4fef312877d"
"b159ec58-40cd-4190-8257-c878857dfc46","ade91c18-10fb-44bb-91e1-eed3820dbbc4"
"d9aa2aff-f717-4493-af62-1f6c912daeb2",NA
"427c4818-f1ab-4589-a6e0-6f03db26b0f3","ade91c18-10fb-44bb-91e1-eed3820dbbc4"
"0be3981b-3902-440b-b49d-c60f51c95aee",NA
"6d3d772f-d970-4c89-8979-1e182edc279d",NA
"2f43b3c9-3f73-4a26-964a-1a957c1898dc",NA
"f4efd2c2-6464-4d75-886b-45e974627e84",NA
"94b0db26-a6c0-4f65-8e87-4332d720e40b","ade91c18-10fb-44bb-91e1-eed3820dbbc4"
"533489ee-ff41-405c-befc-d17f003b4f12",NA
"bf34b9b5-dc45-479e-b9ef-a375b49b18d9",NA
"6646a7a5-293d-47d2-83a9-db4fc51a9726",NA
"cbd6ec8a-1477-4fc8-bff2-60e10d324ce5",NA
"c7502012-c294-4f82-8ec4-ae647ff5a720",NA
"ba19f98a-fdd8-43b0-b3ee-d84efeabcd9d",NA
"a6a314cb-d3c3-4004-8d1c-620f0330a06c",NA
"e5f800d2-22d1-4530-a3e0-9231d3b7505e",NA
"afd4f5c7-a079-462d-b8b3-01904621bd3e",NA
"24583d17-9758-4462-b304-0fead2db9441",NA
"f794368e-7086-4fe5-81f2-364ac3fd9860",NA
"3fe6698d-d16c-46bc-a9f9-ab2f1b34d4dd",NA
"f5d6b4d9-ca57-4158-a447-4aca4244f27f",NA
"608d9e65-6a82-47db-b874-4b73a749ce98",NA
"158bf4eb-e51e-4c3b-a64d-264a05d063ad",NA
"8c7fc8c1-5ab7-4e3f-8b55-4c2972d66804",NA
"7ddae267-4f29-4626-8b87-f782e19304c4",NA
"02d96016-b153-4bc1-8291-2e3a46aff941",NA
"f988247a-fdf7-4912-bcca-7dd8bd110399",NA
"6aca49d8-6813-4681-b662-d2ace029bc20",NA
"0c424b39-beb8-4dc4-b828-80139d9b6721",NA
"5748f1ff-5344-4abd-b1bc-d8e8fa875691",NA
"2b974e4d-fe38-49d6-be39-b2a0886582bf",NA
"c6fa9798-e05d-45bd-9f19-a111c945efe5",NA
"7847b945-c582-4462-88fc-cff79f803e87",NA
"d7d46736-f515-4393-baa8-060a47b1035a",NA
"39309511-8373-4315-903d-477495c50e7b",NA
"9b52b05c-b7de-4abf-99d3-73087b034927",NA
"35397de3-dd9f-4fa0-a0e9-d08cbb008858",NA
"8379de74-475f-4b33-b6a2-c9326a3b81c0",NA
"ae36866c-54d1-42e6-bf82-3e912e0e2647",NA
"0796ca0c-3349-46ea-bf3d-c3ffc074cee0",NA
"6e298243-4c89-4255-a43f-e2281bdf8f1a",NA
"590ef6fb-7b25-486e-abf3-72ec8a700bcb",NA
"d83f3fe0-6728-4fad-af72-62b703e6ca18",NA
"fd41dcf0-efae-4a3d-9cf1-62596985c2ef",NA
"1956984e-4e8a-4840-9ebe-b7c5e37d9f82",NA
"ed324b82-c880-4fc4-87ba-6c094eb2d85f",NA
"190100ee-c898-4e72-a4f6-4b8e275a6a7b",NA
"e485e0b6-430f-4483-9b90-88cd54c1ce6c",NA
"55b646f7-6c90-47bb-9b59-8e5af16a1f77",NA
"e317dcc2-26db-4e70-a784-2078460317f6",NA
"a91bc6a8-757c-4980-bb95-032335feec81",NA
"a876c789-5e87-4fee-9341-16df7a5fd459",NA
"c259d561-06ff-458d-bea1-6d893ee5a644",NA
"5ae44e01-391c-469f-b6ec-eff4cd11f76f",NA
"553ab9e8-682f-42fa-abdd-ad5ca7650972",NA
"3c3a9aeb-91e3-400d-be7b-160a41353400",NA
"b25fa941-c5df-43c6-843c-3706854616b4",NA
"314e459f-8867-449c-895a-376e23536b12",NA
"c2f8bae7-65d0-450d-81aa-ab1e44eb20cc",NA
"027a6b5b-fb78-437b-bc8f-7c5e2ffb2243",NA
"0e3cce87-7101-41bc-8680-54b47e0b3b24",NA
"841d5824-576c-4693-afbd-c6d555b22740",NA
"6e3fce70-7b46-47c7-baeb-7d55885acad3",NA
"991603fa-d261-4d99-9779-a3cf60696824",NA
"b829e3d7-e7aa-47c3-8d11-a903ec54b00f",NA
"d3f726a9-b483-4acf-b7f6-4185e3df4d8a",NA
"e78f47c4-8586-44c1-802e-052472278567",NA
"75c9e0f6-3eb2-42e8-a80c-e684d4772bc1",NA
"30ca6642-1b62-49df-a362-bcc6aeb99566",NA
"7f083c62-e4b9-429c-b863-345a57883053",NA
"6ca41cba-7495-4b01-8834-ebdb2667339b",NA
"1e6fbbb1-1471-4d2f-b2f5-abcddadd97d7",NA
"4ad30cf7-abf7-4128-b34b-4760267d731b",NA
"2755f39e-a56b-4103-b2f3-0eff7c7e5966",NA
"d2a16ab8-3e83-4cca-960f-8c37ae41bf04",NA
"1a51fe0a-a21c-4fc0-b922-16d3b7f21ed2",NA
"e1c4514d-3004-405c-ab15-ad2db5e458fb",NA
"363668c1-8485-44d7-832d-5c146e8b38cb",NA
"fb4e3ed1-75df-4739-a4b2-d82850c11248",NA
"02f66f9a-5b11-44b7-bdda-c9ca1b0b9eaa",NA
"142297a0-96ca-4382-9c3f-dfcf59580533",NA
"ac548d39-9d11-4581-9ff2-af04626ebb94",NA
"1b847748-00e3-4ba4-ad43-90d52059bf1f",NA
"089bfd84-bef6-4f44-b0d8-6e6bfb6b06f5",NA
"514c5655-1b9f-4064-bb88-8201f0531f7f",NA
"bcb105dc-7362-4903-993c-ab69484f3f6f",NA
"409e3c3d-781e-44a0-a10e-0ccdcaf7de10",NA
"c5185622-467f-4fcf-b53a-671a26b80f64",NA
"682350df-a8ac-420a-bd6b-2598f6e5fa9d",NA
"0a9b506e-3a13-48e7-b067-838bfec1b459",NA
"32eb5246-631a-4b17-b54f-3d565d262cdd",NA
"d18abe6c-2f10-493d-af3a-bef0e5c57c2a",NA
"83964570-cb55-4b62-b2c5-43ab9cfe5489",NA
"62265890-4505-40e0-9298-b8a8a09f5156",NA
"150016d1-6909-44ae-88c1-361409e80bc8",NA
"d51ce214-93d1-493b-8354-ea4a65e12bce",NA
"aa8718e8-a7d6-4790-9380-96e6ff50a3bd",NA
"c7faff09-ace0-4e9b-870f-284783778993",NA
"458b6254-946c-4bf4-9e42-1f318a5839af",NA
"cf551083-9779-48e4-b1b1-2e05623b6212",NA
"a88cba73-e862-46e5-b1b3-54f3b21469fd",NA
"33e72677-574d-4ae6-9844-169be1d8ed79",NA
"81bc3aec-c2a9-4c4c-b153-9a8385e64ff9",NA
"8c2df0f2-71de-4011-b61d-a425e4d7b719",NA
"74b90640-62d7-4768-8c4a-060d2c4659ed",NA
"02ad653d-545c-4374-b7c3-0703c045818c",NA
"e0271d2f-40b2-4e0b-aa77-acccc7b38b36",NA
"6d80f44e-aa93-4d78-a6d3-0756f151a40b",NA
"1e056834-57fd-46c4-96b4-dae1a21a2dc5",NA
"4c98c23f-8c88-42be-a14b-29a45fc238b8",NA
"b4957055-ed63-449a-8b86-019bdea1f946",NA
"43c9b552-6f9b-4e08-8cef-10ce9e7e5120",NA
"c66aeaed-79b6-4b5c-a1c8-0d0acc960554",NA
"2937abe1-2e55-46fc-a80d-bc05b6857f53",NA
"155d663c-98f0-4297-88f4-5937d535c47b",NA
"74eada1d-2a97-4812-9dd2-5fd13fa03b19",NA
"e5c40a49-b0ad-431d-ac9f-2ae25a5c9ca6",NA
"e4950d4c-7b02-42fe-b065-cf885e829b4e",NA
"a71ba928-91a1-41ad-baa0-2bb6a371c4d2",NA
"53650260-0edd-41e3-81a0-b3bb23b061e7",NA
"ce25f8b2-b61a-462e-8297-c4497c91f7cc",NA
"146ceb6b-c52b-44aa-b182-9db74bedb32f",NA
"f69c6826-315a-44b0-933e-a25abe9ab389",NA
"7eccf5fc-e51e-492b-9abb-f531fd3ea68e",NA
"95175d9c-4eec-4a7d-8de6-1826e93e2004",NA
"10b1508f-78f6-48f2-80c4-1ee397a6e322",NA
"32589847-23f0-47e3-ad4e-9d68be7bdd2d",NA
"0ac3a5e6-a9b2-4238-821c-a9ab1720f600",NA
"8b45b377-810d-4e91-9bf8-ad2657eaafbe",NA
"6365c5fe-f396-427f-acad-8ce161d0a722",NA
"e315e242-8162-4b78-8471-9111e174e5b0",NA
"57b7db41-da68-4480-9390-0534e9b93d9b",NA
"65624323-5124-4313-b3a2-d51b3b6440e7",NA
"ae30498e-ee30-4552-9cd6-89a2e6d275fe",NA
"3f3c1118-aa1f-4e7f-8124-69934585873e",NA
"3d9b87aa-54c7-4887-a709-bf9ce563447a",NA
"e7529cf9-de17-4a85-bacb-f0f5814a943f",NA
"9a8be95b-7cea-4dc9-825c-494a0cdc3769",NA
"f9eec01e-03c3-4d4c-8e5e-d27e24d548ed",NA
"3f46ace7-fa26-4e9e-8e75-ed09a84c5ddb",NA
"8abaf487-e042-4372-8af7-f2e2baeb21fd",NA
"060edfe6-2f79-4213-843d-b0bd50914f31",NA
"a67bcf37-e912-44ff-b732-a5fd956d1bf9",NA
"34317357-a11b-4943-a1d6-284517947b17",NA
"1ecefba7-b167-44d5-b4d0-d4f645a03e8d",NA
"34f29c9a-c130-4e37-9cc9-dfd97c944c2d",NA
"9bced8df-5ec1-4c11-95b1-7b914210ba9e",NA
"6a93b279-37ee-4e50-8fff-3637938d87b2",NA
"24277777-e49a-4975-9180-7ebeba084288",NA
"30e47930-ee81-48d4-8f5b-6512571e8244",NA
"95a6abbc-de83-4bba-8cfb-4769b484e075",NA
"acadb0e8-6dec-4eae-8ef2-29eec5f15d10",NA
"b90ee23e-5d92-42b5-957c-dca6c27c0780",NA
"6bd06c9d-dfbf-4c84-9f10-690d460dfb5a",NA
"0fe27bca-3338-4715-a2e1-37b81b77ccad",NA
"39fabc76-d8f1-481f-9f46-2c16fd876cb4",NA
"cf25fe37-2501-4c14-9939-d7b67bc7eeec",NA
"44df7d82-3c8b-4e91-a2bb-05d2f479cbad",NA
"9de7a73e-7fac-4b81-b078-c9adec3f2f72",NA
"65110ee4-79c7-4e5b-a286-d62ca8bc6708",NA
"4a814c3c-5a63-4e99-9093-ba048ace1f9d",NA
"109ddce1-9c98-4008-8d5e-354fc73b13fa",NA
"fffdb1d9-9bcd-42cd-902d-99a91a80582a",NA
"c8c5117c-9d65-4e6f-b24e-6b42cd9cf484",NA
"d4a13e6c-05e4-4778-97d5-07705d61c0e5",NA
"b5074ecb-6e93-417c-b762-268a5438ac68",NA
"237b72dd-6d9e-4f3e-8142-9bc446cb02f3",NA
"28829fb9-2607-41f4-bced-7fc56fd2a081",NA
"47e7da41-673f-4297-b88f-25cdb2ed9bc9",NA
"54194619-774b-412f-bb23-aab42df10612",NA
"f3d0df44-0ff3-4583-b5bc-d081d522f46f",NA
"5ef26a28-899c-4019-9469-5d690777605f",NA
"2d3f3039-7b84-4812-9034-c771ec5cf30d",NA
"af658fb5-d7ce-4ff7-947f-9f275848ff02",NA
"292ebf87-de9e-42e2-9d3a-1e20f15e247a",NA
"779ba0c9-d150-4cb0-b3b0-f61164b7710d",NA
"2dc02e29-09ac-4eef-8966-7ca62ef66ca0",NA
"7e24895c-f239-4d49-897f-790dc26a10c9",NA
"28c37197-7579-4b97-91d4-f98278cdbf3a",NA
"c6951ba8-3b13-4061-9535-6b335fd2dcf6",NA
"9829fabf-6910-4e1e-9c25-3b35d2865267",NA
"0f835616-e587-46b8-af14-670c7de4abf3",NA
"1fd5437a-71e9-4642-a56a-10c5b1421bdb",NA
"416f1fd6-915a-41a2-afa1-77f828eb2997",NA
"332cadc0-42e0-437b-9692-1efbff1eecb5",NA
"d99df588-55d5-4b98-af03-d5166d9f29f6",NA
"776f7ac0-44b8-4469-9b75-6ecfdee70476",NA
"842daadd-734d-4cfe-89ba-2a6636ffe30c",NA
"fc91ad20-6daf-43d6-9c0a-c398c4b79c60",NA
"efccbd65-ae0e-4ce7-a6d4-13104ff11715",NA
"34a237a6-d860-46d4-aaeb-ebf8087d6614",NA
"ba44a483-83a3-43d0-83e5-c4488cd55a3b",NA
"23978984-32cf-4582-8997-209c20cb8510",NA
"c6992258-d91a-4b38-8774-5f9bced4049c",NA
"ba6cd594-a809-4ecb-b861-15f1527434d1",NA
"3cae03a8-9d10-4fa5-b5b5-c6b067dfb5ee",NA
"e5e07173-ced9-4ae0-b96d-88b4ce4cb7b7",NA
"f681a543-9170-4576-867b-902e62a37ea8",NA
"a547051c-f2b7-40b4-94de-32880e8c68c0",NA
"7f02a6dc-84da-4207-acc8-3958233982cd",NA
"02a9b418-6081-4450-9e83-e852bac5200b",NA
"9a5c2c06-614b-4b7b-9b1e-e5b076043ca7",NA
"2f7f9989-c835-4e35-83f4-d0e61b9c7852",NA
"8b38d122-bf13-4c96-a7f6-ed05af749e51",NA
"da350f2d-ab50-4975-b8d1-749dc53f593c",NA
"c4734fa3-a020-4096-a63f-d8c5d41b5686",NA
"f5d56f37-8b4b-4462-9c6e-db74b89e22f4",NA
"ce3dca0e-f251-4f1b-95f6-744061a86c75",NA
"bbe4fc7c-598c-4ae1-aa8c-51812739b2ed",NA
"7610d13c-4194-4766-856e-62e843378bdd",NA
"9dfc2ad7-b2fd-4937-a252-fd1821538ad1",NA
"d7095c65-6246-4d44-a5da-9a5c13138dc0",NA
"02bca6d5-5758-4ee6-b98f-49da26b95085",NA
"25061d2e-e301-41ef-857e-3ea7004dda82",NA
"fd5f8942-ad87-4b91-84be-e5f23b479f07",NA
"ee9ddfa1-5974-4704-a348-7726ad690765",NA
"389c67ef-1e8f-4777-b049-27f6f15ef091",NA
"bd535133-3429-41fa-a27b-e36341238ab3",NA
"89da2b4f-8615-4f39-bdac-2b794c947391",NA
"882f122f-f01b-49bf-aa43-ca0270b461b5",NA
"fa960a56-1362-4973-939f-8bf2b99c3566",NA
"f83f7ac1-7868-40e9-93fd-180baa6675eb",NA
"7f5bb1dd-fa75-46ed-9dc3-946fea454a76",NA
"02422f71-d4dd-4252-8239-346ebb3de9cc",NA
"256590f6-88f5-468d-a4d5-f54c9380aaa0",NA
"6d9142ce-0cb3-4ecd-af4d-1458ff77ad69",NA
"338ea8db-2257-4e0d-9590-daece46ce085",NA
"1b3fade8-fb84-44b5-ab08-1de80601e983",NA
"f0b0cc62-0c57-4652-a925-f01890b42086",NA
"2ff28e6b-3184-4a8e-bc94-a3069aa1a748",NA
"bff71187-6363-4c7c-9fc4-a1e61d4c6b2d",NA
"6150fbcf-459a-4151-8144-bc6ea61fcd5a",NA
"698a7ff6-fd65-4e6b-b7b4-129cad7c0051",NA
"1079e0f0-ac4f-4438-ae8b-12c8859b24d2",NA
"a71d2601-d3d2-43d0-90d2-c3e7e4f2b560",NA
"4549e095-6a08-497b-be02-1b626118d97a",NA
"4d85729e-b89e-443a-bfc2-097aa9cd3850",NA
"64c6fcdc-50e5-47b9-850a-eee1a24abf13",NA
"c933adb8-eb95-418f-8b9d-38910edf6758",NA
"e1a9060e-d4c5-4891-b270-37ca38b51dc2",NA
"9aeb8822-536f-4a46-955b-a4fbbbcf965f",NA
"a362c8d0-e2c6-4829-a0df-572c120c1643",NA
"779f8cd3-5b90-426d-9ae0-9283cf85e139",NA
"74610a48-79c1-4bb8-94f8-b1334e7a51f1",NA
"1bcf4872-978a-4604-861b-2c0bca34cf45",NA
"ffc77466-e8e1-418d-b8b8-77445035d9e2",NA
"dd993b92-e1d0-4b6c-b0e8-12059f4305d0",NA
"8648d3e3-fcdc-46fd-b40b-266bec6ba60a",NA
"52fcad3d-fb1b-4017-9529-281180133385",NA
"aaac4311-0b75-42df-9c03-161d01c57d34",NA
"17ae5d9c-9661-47be-9a5b-5be7e23b329e",NA
"05dc4e44-c5a2-4335-9baf-f9b43e29e4c0",NA
"a16ae020-4d0c-4878-ad5a-bdac9301980c",NA
"f3af7a8a-ecba-4f85-b68b-0722ad9c1ac1",NA
"d72d0a79-8311-4a4d-be95-e3414719a164",NA
"8190b238-7049-4be8-b1b1-88b8c34d4845",NA
"667468d0-37bb-4654-a42e-bca79d3654e9",NA
"f8c1d46c-c50d-4b62-b7ae-dd0b5a7c6063",NA
"debb9206-3e56-437d-a5ac-291737eb1293",NA
"1fe22af9-55e7-455f-98c0-62d2d1091705",NA
"3d479383-cc17-49c4-91b3-ffc563ef8d85",NA
"b7745404-7a89-4af7-be83-7b617a95ef7f",NA
"57e34713-5389-4452-a834-2ad27577ecc1",NA
"de193f98-b997-4efb-ab44-4e15f0018d26",NA
"305b0093-e5f8-4a2e-a841-1a6e0722c938",NA
"347fbd2d-00c8-4951-9ef8-b001b968807a",NA
"f937afe3-9b5f-4241-a8bd-74801cdfec37",NA
"e8e5f0e4-5bec-4d02-80a9-eb74ecbdc873",NA
"658f7791-af9c-49b2-a362-9aefabbcb418",NA
"a1dc6e52-8f17-495f-9ceb-4e3fb2be8226",NA
"658fb01d-b0c7-4124-85f9-03ca8912c3ce",NA
"447cd757-23af-4d1d-8980-6594615e4961",NA
"974d6e7b-945b-4b16-b634-e9e93c4f0aa1",NA
"67c0a6b5-2dd7-4192-bd51-e6ea45629dbc",NA
"9367a96d-e2d9-49cb-bfae-477a88db3043",NA
"94fed11a-ed97-4f7b-91a1-0cf1f5f9acd6",NA
"75d4dc2d-f6b3-4e13-971b-b0488e22ef2b",NA
"6a67890b-20f1-4f53-9f33-1a776f5c56c0",NA
"34d2c717-dc89-466f-8beb-83eccaaa6194",NA
"aa9dc24f-da8a-4c1b-a1f4-b83964c24866",NA
"d8f97111-7e49-45cb-87e4-218236e97c56",NA
"c6df5728-8f6b-44d0-a91e-5dc6d852d7de",NA
"c7243c9b-8847-40c9-a35a-6b6edc429ec3",NA
"b15c30dc-471c-4318-a948-8e236d67cdca",NA
"8b0c9713-5dba-4471-a89b-c2383918cf19",NA
"9ca811ed-07f4-4eec-b484-d2906a4452a2",NA
"512e9477-7587-490a-8f7e-de2a5b0294b2",NA
"f57ce4c6-348e-43d6-ae77-6516a703d10e",NA
"bf37bde2-82f3-4075-b527-e7fa4be04b83",NA
"a2725702-0763-4149-babd-9e27b50655e8",NA
"83258ffe-7b89-49af-a87c-bb8ef1197db1",NA
"c39bf447-8220-4f48-bba6-16c65c356d3e",NA
"bb840fe2-71d1-4674-9066-332a97f66cc8",NA
"1929c259-8e58-4653-882a-16ac7d2402d6",NA
"04536e4a-8860-4cc6-afc5-48e6826a3389",NA
"faa83eca-b7d3-48cc-b676-e8e03d22497d",NA
"33569cd7-e066-44cb-9831-6b925a07d0bb",NA
"00090611-7855-46c7-a5bf-ca4fb9ff7bf1",NA
"bef0c2d0-0d12-4eac-b1b4-c498d65517a9",NA
"d40e8a17-795e-4165-bb78-c95b2096dded",NA
"a8e21ba6-c7b7-471f-9fda-31f1cd3fda02",NA
"26ebab73-d17f-421a-9a13-b42fd8694f74",NA
"02549789-2c11-47b1-b4ec-300cb319df9b",NA
"ef6c77d3-e0ac-45f0-8af3-087a038b61fc",NA
"f62e5609-83f8-4522-afd9-6b015800ebe5",NA
"a528a74c-c714-445a-b9b6-ead1cfa39cf2",NA
"a57b3447-afad-492a-a5c6-6cf8c1b3d735",NA
"6a3d5333-df76-4286-86a0-ed1a84aeaa8a",NA
"77a2dc56-d88b-4761-b4ef-4e379d2f2f57",NA
"ba9bd1c1-4fda-4351-a35d-60689372cd32",NA
"e37cf765-163b-4182-be74-bc5829d7e0fc",NA
"c456b76c-9c5b-4560-9e28-d7448f0b4946",NA
"5d40be03-c099-485c-aa0d-129f8259bf8a",NA
"47489d8b-2495-4da9-bd4c-465f28f3f6bf",NA
"f7f7a082-f0a1-47c2-9526-1ab744f6ea4f",NA
"458bcefe-8855-4410-a06c-de38cc950f0c",NA
"d7c14dc6-1657-4468-87dd-045b5e59bb10",NA
"a5d2951c-766c-447c-b02f-83f130c05d79",NA
"957228f5-62db-4c73-bdfa-cacd1b30b3ca",NA
"2e774951-079e-4abb-b8d8-7369d3ed74ce",NA
"07e83381-8979-469d-8d9c-506385154870",NA
"501a959e-78ff-4637-b5bd-5aaca790ca72",NA
"aa015040-18c7-4ca8-94bf-06a3111e3b8e",NA
"08f9adb0-cb0e-4776-998c-f97bd50768a1",NA
"51a796c7-9285-4975-ae66-55b6c11679bb",NA
"769d93bc-cb79-410d-bf20-d9cf59750065",NA
"7d95927d-cea4-4777-a567-820299163dfd",NA
"984637e3-84c2-4ebb-b9c1-00d90dc887ec",NA
"8f08141a-8586-4470-b723-defdcdaba660",NA
"1696c476-6cac-4f6d-bfb8-d3e1021ab4c9",NA
"51646a6d-763d-4ca8-9eeb-ae577a7bd322",NA
"01589525-834e-416d-866d-c8d44f6d3984",NA
"e4969e7e-be2b-4f0e-bcaa-087405c06a2d",NA
"ecace525-ace1-4e70-866e-de92474908b7",NA
"bdce6bf8-85b0-43ee-81fa-93bbbabc0ee1",NA
"07e1ad83-baf6-4492-88d2-7ef45937506a",NA
"8cd1b02b-05bc-405f-b90c-1a21d4cf2d75",NA
"aa858926-e77a-4f11-87aa-8aa5791181e1",NA
"41fe1787-3f0c-4e1f-870b-621dc4c2956b",NA
"b0e9dbfb-f798-4e35-819b-c31601e9e8e4",NA
"012c17bc-cae6-4820-a3c6-7c7b16117382",NA
"0b1c0238-ec59-4be6-8c22-fad4534e22aa",NA
"8c224b84-5785-4086-b1a5-7cb35fe25f0e",NA
"6f787e2f-cecc-4f3c-a2f2-f218acd280cc",NA
"1b08eba6-7095-4a8c-bd5b-fa29cec32ded",NA
"e490d98a-d5b1-43b8-9c31-03bacfc9876d",NA
"cdf8b617-922a-46fb-bbbf-862e01b3a30b",NA
"94e51b36-776e-4aae-a3b7-9f7c75413c86",NA
"fdc1418a-0386-4a46-b3f6-77393b66de37",NA
"8ea45599-5d7c-4a4e-b035-3289cc41682b",NA
"cdf381e4-baaf-4c3d-b608-40c1ac93da38",NA
"99c47282-41ee-4cdb-8bc5-3d93b80b6f55",NA
"57447fac-ff7a-4c6a-ae1c-2701d5dd1b10",NA
"4c25c5c7-215b-495f-b5ab-094625e52960",NA
"89c9e228-0180-4f91-9b9a-eb61f4464406",NA
"42a12b81-1196-4b51-a45f-dcc43a73945f",NA
"0656ed79-a541-42ce-a97e-e5dc9f759b6d",NA
"39bf48df-667d-49d0-aa81-f1c3f6471c0b",NA
"de8b1d42-7d34-45ab-99c4-2af152dcba3a",NA
"e18e9907-6aac-4c8d-b68c-a44e61553662",NA
"ceae5c85-837a-4379-b01a-5a8fb0c7a9f9",NA
"c82db0b4-5766-4eed-9048-ffda9a828ee7",NA
"0b7e398d-1ba9-45ec-80e9-3e5b8ea2a30f",NA
"e7553e65-7d1e-4375-bda3-243b49e805d1",NA
"97a6e187-2030-46a5-a4b5-9d469111fcef",NA
"c85ccecc-ddd2-4892-b6d6-37acaa037c3f",NA
"c0d2ddde-1c1e-413f-9705-41b7f6a07445",NA
"7ae4113f-bb11-428c-8a03-ad1e4e799769",NA
"2a8f220d-978f-44de-8e7b-e93e7772adff",NA
"a8024744-c6a6-4f68-ba41-ff0bb3379d96",NA
"9788f18b-c01d-4063-ac30-063c522e6cd4",NA
"9bef7396-d847-4c14-a11d-4c43f8c7621b",NA
"bb26a278-591c-4bf1-93b9-0c3f794c3d88",NA
"0e4f283f-86f0-461d-a288-9c24c6e57cf7",NA
"e84eea1f-73f6-46df-9341-9a7b87ece65d",NA
"c58774f7-5fbf-495c-8b9b-4fe615f19133",NA
"9ccaa739-eb55-4771-9056-af0a28e400e3",NA
"cdd1deb3-40da-4462-a7fe-c63899e18bd8",NA
"8ac21948-09f3-41e2-bcb7-59e23bd30ff5",NA
"ebfc645a-40a1-41d3-83d4-8c9a4024c506",NA
"48bb4538-4378-47ed-9b5a-71e4850fb82b",NA
"eb62cfd8-784d-4169-8423-8e6c66da7187",NA
"959e3319-aa77-427e-82d0-13b633e79a3d",NA
"730c6a74-24ed-4ae1-9e87-50586c31e110",NA
"709ee3a8-ecac-4c62-ad89-5a6ae0b7c9c0",NA
"07d72e28-6a0a-4470-955e-aa44bb7d7166",NA
"59eec943-50b9-4a59-bf8b-d8162e0f1a44",NA
"0a213ce4-776d-4398-875c-712b82d1ab27",NA
"f3334e45-c9b1-41d9-bdab-98fabbbf34f0",NA
"dfbfc7fb-c7cd-4b9f-a44f-00dd21fd9717",NA
"97f3e490-3787-4b3f-bf80-73471e06bb46",NA
"deb015b8-800e-4a14-884d-230d362efbc3",NA
"e8158268-3530-431b-8ac1-83d0101ba04a",NA
"5cb796d6-2707-4844-8ab2-e2bce821b89f",NA
"add07c96-2504-4006-97f7-b92c034b21d9",NA
"61c215d0-4d2f-4f96-ad8d-9152b54b5ec8",NA
"f56047af-7cc9-4a9f-88da-b2170fcc5c0b",NA
"542ba3a3-5788-4cbd-b7c4-d973438fd12c",NA
"3639fc5e-1a3c-46d0-bb04-e67762d2c478",NA
"3ab6f182-f4d8-40a6-bf32-c84eb77fdda8",NA
"5c11e18d-3367-4338-91f2-b45fa9da3627",NA
"7d8abf5a-2af8-48ac-8e4d-2d66712a673d",NA
"d05912ec-83a6-4aaa-8bee-320af8c94535",NA
"291e4422-56b9-47e3-985a-f9081f74ba56",NA
"995820c6-15a6-4605-b223-2a4f014db49c",NA
"d0227eac-2926-45cd-83ef-38194ac9cb42",NA
"25dc8146-11a9-4ac1-858f-9a7171d47a4e",NA
"5bd0add5-6e12-41db-afca-1d97b21f1015",NA
"2408d99f-9d71-4c2e-a9fb-9e2a6697349c",NA
"35605d92-bde0-4221-b9e9-c244cb234435",NA
"0691f3a5-4b34-46b0-9601-e7b4f7170447",NA
"79e62a08-149a-44fc-baa4-ab50548ef88f",NA
"d413ab7b-883d-443a-80db-e5fc46b381e1",NA
"a7b8eea5-4233-41ff-ac65-ca63138813be",NA
"aa076580-812d-4980-bab2-5d28804a9408",NA
"acca83c3-6070-425c-a740-198e7e4c9dcb",NA
"973b0475-3279-4dad-a5d1-9e8f250af05f",NA
"cd699661-379e-46a8-8c53-9935435e0e75",NA
"35795a9a-bfac-44c2-97a8-93a9d5ab1e5d",NA
"8e0ec41b-c50d-43f9-9305-993ebc06cfa0",NA
"14d25183-bc79-4948-9f75-89bbb47201e1",NA
"ae9d8ace-ca34-479b-96d4-4472a170f886",NA
"fb80ecb8-0e36-47ec-a2dc-bca5f12f02df",NA
"9f75093a-4646-40da-9dbe-a9e30f025bc4",NA
"dc219413-b17a-41c1-b971-7bbe96126311",NA
"521c7b73-3241-41e5-a279-08ec02d28128",NA
"ee55332d-832f-4435-a49f-fc03ffcd5c9a",NA
"7dc3994b-8eaf-4d7a-bfbb-cf2c0e86233b",NA
"e4124ef9-99bc-429b-97c9-b22059e13147",NA
"339e8fd0-4569-4a12-ad52-651740524fd7",NA
"42687267-21a2-47fc-987b-e11f489e7f58",NA
"7ac43466-5bb8-4b76-8e57-1c7ed1b4179b",NA
"0f2c5ac6-ff02-4974-b9ae-73030f303409",NA
"5c7b846c-afb2-4911-9587-bff2807cc5d9",NA
"8160c8f6-1b70-4b46-9dba-4ebfa1ac642c",NA
"5c681abc-d894-4b76-81b0-9ff496ba5123",NA
"083af389-6417-4fac-b89e-f9cab0745793",NA
"4177c238-8340-45d4-94d0-d0bdf217b0d2",NA
"8241b547-d36c-4bc2-8426-bf1b5cd7179f",NA
"70866347-063c-4ad0-9df4-f3cfaef32d52",NA
"52bf4e2b-5376-4e2e-9c78-1965b448c528",NA
"3b182fba-5e60-4459-bc64-2005d6d7c2dd",NA
"e4c4c976-3a98-4fd7-8837-76c8b90c42ba",NA
"e18fd516-a2d3-4080-9f4d-cfe8bd842943",NA
"f4446f1e-a434-40b8-8d30-a0447f97a132",NA
"190ad8ed-7a1d-41aa-aca9-f46598a1dd11",NA
"ed5c83e4-c2dc-425f-b714-2dbff0a326dd",NA
"15f22f25-888f-48b6-b6b5-43bee79e8c53",NA
"8a31ea54-3188-4a75-99ea-d2f77cd2f63c",NA
"a727a6d9-f2cd-483f-a4cc-c015097a8518",NA
"72391afa-5c7d-42e2-9017-f759e4a520d5",NA
"4a0810da-0493-46b8-bc04-cd2edf94e4ae",NA
"b5c3442f-5453-48a4-8d58-a368f34fae03",NA
"7c7a08ac-015c-439c-b4d7-ce88ae5c0c27",NA
"3ea37a9d-211a-47db-9932-5b879f627ce5",NA
"55f9f71d-067b-4667-9ff6-7ef03d7ede89",NA
"de80101b-5fd8-4a71-aec2-c3cf5f7f2d22",NA
"099a3b7a-ef27-4862-9f0c-2f8f64123c55",NA
"b81c4bbc-cbf9-4949-9b68-f91dd2025ed8",NA
"b2731319-fd40-479c-9d36-8f0d05130ca6",NA
"46081548-50fd-4d9a-866a-e43b4bcdbfe5",NA
"e55d4272-1cf7-4a34-bebd-390687e7fe90",NA
"b5d9f39c-9b22-4142-97e8-68c709e7fa94",NA
"edc9d920-aa75-4dc9-9038-5573f635c1cb",NA
"232db235-fdce-467a-9694-2b2bd8bd2e51",NA
"c8c8fc08-4d35-4cbb-8ee9-312ba20dbcf7",NA
"2cb3055d-2a35-4f9b-84e0-3e913df3aca3",NA
"e84a5261-e0f5-4613-913a-1237625aaf58",NA
"978d7066-e068-42b8-8829-1adecb68cde8",NA
"8ab11025-10ae-4f3d-b73c-1f884f679183",NA
"305bfd4a-cf75-42b2-a45e-5ffc31b13b44",NA
"8cd95ed7-c102-4fa1-92d9-a68598779592",NA
"f7d812a2-bdb9-4772-8a17-098c596053ec",NA
"ae04d8cf-3492-4fb3-b7cf-fbb870169fe3",NA
"3abf45c7-2745-4519-8b54-d6f8f00fc35b",NA
"e1cd0acf-2bc0-4766-b403-7468516aee1e",NA
"9aeb15cd-2fae-4564-9956-4364c081515e",NA
"5685ea77-5223-4318-bb5d-8b0a4a930b43",NA
"6c0ef7a6-d50f-418f-98b4-db8282e0cf58",NA
"d4a3b2f9-53a4-4d34-bdb6-e7cacf4514fa",NA
"fc6c2d5a-1691-4d07-8888-f0d4d933ca37",NA
"2cbdc521-bc12-45b9-a348-ffa6ea89ace1",NA
"e3abff3a-89f5-45a5-8737-5aa8f8aa73c1",NA
"c5ceba4f-5ec1-46d0-8dec-91559d2e0f36",NA
"8342d819-9d88-4e0b-acc1-2f20a5640241",NA
"319bb35c-c30d-42f2-b178-9b8a40ab3f48",NA
"bf326584-14b0-4260-ac0c-57801444a8c5",NA
"6a3d31f1-717f-4d7b-a431-6347e109cb5d",NA
"1629feb2-208d-47e9-90af-09706bacd149",NA
"c631248f-cfe9-4238-972d-fcf790210e1a",NA
"248b3521-8bba-43d1-bf2a-de59faac1941",NA
"eaeb1fcb-dd2c-4c5f-8c32-5d50d933999a",NA
"b278a0c2-4794-4e8d-9ba1-9a334926bd03",NA
"fa5bf7f0-7139-4f13-89a1-3c994c0d6132",NA
"4c229907-d577-431b-b2cb-8b90bdc86cb6",NA
"d5a78887-dca1-4a0a-b0d8-eb25fc3541a3",NA
"ff98a223-d91d-492b-9d8c-abbfcb1f1009",NA
"a02dd02b-5602-4477-8eaf-964c5684833f",NA
"c2518fca-9ce9-41dc-93de-8bc937f5fcf6",NA
"de7bc1da-fcc1-4e87-b999-e9869a408fb2",NA
"c53adf04-5e5a-4079-87a5-90a6c6f44bf9",NA
"76d7c8a9-cd40-4906-9ca0-f167d8417004",NA
"c1ab7ed3-1484-48ea-9005-d414fc83f1d6",NA
"d62b6a66-eb16-4daa-8e44-ba918d1153a3",NA
"eb2aa584-5cc9-4f76-ba8c-3937712b9209",NA
"57d738b1-d22e-4f73-a019-4cbe8613e59d",NA
"4e5483cd-4f1b-4506-ab8a-193dadbee938",NA
"31bcb653-6889-42bf-91a6-732091b4ecc2",NA
"5589c64b-3259-464b-a078-c5e133733990",NA
"78abd31d-6fb7-4125-95f6-4005990d948d",NA
"aada3ab7-ef54-44c3-a5b9-286119d3ba43",NA
"6d297c6a-abd5-4290-b57a-eb9b8a7c1d6e",NA
"4429d5e7-2d0d-429b-a853-ce684512e183",NA
"4ddfb1db-72e4-4376-bf2f-9c536fe3d7ff",NA
"5f2c7237-8e51-4345-ab76-71356f941245",NA
"3589e202-3eec-46e8-8397-30503ac8c8c1",NA
"e42d513c-ccf9-4848-8de0-bb993d56def1",NA
"f6f92fa9-024f-47fa-b7ff-52b5c2d717af",NA
"fea4dc42-ca9a-4378-9472-a6a27806582a",NA
"410bd2d8-2744-4388-9f5a-944c78f23549",NA
"ab214ea3-a683-4bff-a1aa-8cb1c18318b7",NA
"38bddeca-ce2c-4d42-8f44-e42832753bd6",NA
"9f112d4f-2812-4a5b-938f-0db7aa80d969",NA
"6feb0ebb-8928-4ad0-a0d4-1d43c92ca783",NA
"d21fd5a1-0572-4ef7-ae82-5acfa0fbc590",NA
"f35a2e7d-e52d-4b10-95f3-8e86db469725",NA
"65311fe1-a6e3-4b52-a792-f0b517c73f64",NA
"435d9459-56a6-4451-81f9-ae36fe85b170",NA
"da9b73a4-9fd6-4638-99ff-63a5c98598d4",NA
"8f66b628-a8a4-4bbb-8d29-1c4fc7e1a9d1",NA
"33309c94-79a1-4a1e-a328-6a110deeb674",NA
"2c5ca8d0-c357-44e7-826d-1a919b7e3359",NA
"b887aee6-bf9f-4484-8a95-d30a5ce000a3",NA
"703e53e7-1070-4605-8438-83d9053f8151",NA
"c3dbb7fa-9fcd-488a-9b27-6b2a1373cc9a",NA
"1376529f-90aa-49fa-825e-9348d367e452",NA
"7f080490-2f91-4ae6-af55-2db9ee26bfdf",NA
"cdf5a11a-5761-4771-b50b-f340b0add606",NA
"a7040286-589e-4b75-8173-f6ed0411e83f",NA
"20980a0d-0a1e-4eec-bd28-f94099205fc2",NA
"86fded2e-7e27-4024-9463-ddd61f3c06dd",NA
"c6c4b3a7-3ae5-417c-ac6a-1158dc96dd71",NA
"ff3b846c-df48-46b4-928f-6253f88ae60f",NA
"80349977-f1e1-448e-a73a-5a21d6367370",NA
"1d983bb4-6376-4aaa-9ba6-79e65fe653af",NA
"fc3c37e4-8683-4449-9dd1-e7de86f52866",NA
"9f5d3c0b-7e53-460f-bf5d-c1047d5fa0a6",NA
"aadd707a-e058-4f3c-9d68-b8a5f3d17a78",NA
"afa4691e-9455-4b90-9ea7-292d3a56e8c0",NA
"e3f49239-355d-48ae-b95b-08ff1ed62b3a",NA
"b9ebce04-b2ad-4e0a-8af9-c42af6a98dc6",NA
"8f0d9ed9-4630-47c2-9659-1e3649392b78",NA
"372585e2-c567-4fd4-9bc1-9d9e7a08c6cc",NA
"667801fe-984a-4cca-8c7d-e944fba34dd7",NA
"4420ac28-f9c4-44cb-9a1e-ee6fc732d743",NA
"1120f170-70cc-4cfb-bbdb-85e421698ead",NA
"879a2217-2902-406b-9613-a7db53ebc683",NA
"17657aa3-3eca-4dcf-94de-afca32ac466a",NA
"3708d57c-e5ef-4f80-b801-b738354141ea",NA
"72e4260c-e4ac-4b3e-b4c5-c7f5402d8919",NA
"898df25c-8e63-4c55-a0ce-047d0ff159b6",NA
"51869b20-e2fa-45f3-a1cd-db5d236c0de2",NA
"0c681236-e7fd-44cd-a070-49f4864f35f2",NA
"58d2b0ab-cea3-4cd0-9d98-e6caf71ae4ae",NA
"f15ce00b-198c-49f1-a299-6042ec9ef2a6",NA
"3bc01294-134b-4d9d-9d85-f6ff4c2fb7dc",NA
"90b7ac96-49a4-49c1-bc76-5f85d8a35f62",NA
"66a50141-79ef-402c-a22d-65799a775125",NA
"3f1e237b-8e09-417b-860d-67e6e91ece97",NA
"ca31843a-5ac6-4bf8-9bd0-ea1b0de2ae5e",NA
"9c17b963-ed13-498b-93ab-1e9bfc5aff1f",NA
"b340ce00-55e4-40e0-9db6-389f18b9d2a9",NA
"c3c0f1b8-4e09-449a-b4c8-9ae8539a089b",NA
"00e36614-81f8-46ed-9109-24a0db14ba7a",NA
"00faf22b-b5ac-4cbd-b504-cfbbc0449c21",NA
"e04298c9-3e1d-4925-952c-5c8f43292047",NA
"0f6a0d1e-41cc-4588-bf6a-cf42ca1628d6",NA
"36b98681-a7a3-4ad3-822e-fe0e680a104e",NA
"822ec93c-3a61-4cb8-b6ba-8525f8e1f5fc",NA
"1167f518-8e48-48e3-8ba1-67596d300e99",NA
"141a83bb-0b26-4a99-b150-76490cc68621",NA
"bb462fb3-124b-41ba-96f9-d700b19989e5",NA
"9b755eb5-7e8a-43fb-a65e-bf3575b8a9c0",NA
"3f050264-e774-42b5-9de2-86cb91f6f523",NA
"33fe1731-69d5-4532-98ce-41afd7108910",NA
"84c3741a-8726-4125-8113-74aa2e8ad9c5",NA
"1e5c2442-79b0-4c59-9918-6daf028d9fb5",NA
"4905a913-3bb1-48b0-bde4-c1bf9797729c",NA
"0c2f561b-717a-4de8-8621-7ab9578f227a",NA
"3023eaae-c9ff-4589-90fa-12824496caba",NA
"54649570-c325-48f8-8868-098bc262c003",NA
"f286828f-3a3e-4ec5-9f01-37c3de3b25ca",NA
"880a021c-149c-4b96-bf62-fbacff97bb23",NA
"f14bd3c7-f4eb-453d-87af-2f0b867adb21",NA
"02d5ba0a-e8f0-4402-be4d-b15787927ef9",NA
"cf8c6366-6495-4056-b90a-803a947ab11e",NA
"7e4aff25-e7c1-49fe-9271-b3ed01a3b43c",NA
"ee110b91-5429-478c-a64a-137f7ff405be",NA
"6bdb2fe7-b3d7-448d-851e-f9929e2aac90",NA
"e9819429-cff9-4676-9feb-9efc90602d48",NA
"9fc46d06-f003-4f4b-879a-613c403d0e64",NA
"af996e42-bb74-4676-83a9-3df1d7c58aa1",NA
"bffa0cef-0b0b-484c-833c-33508be901d3",NA
"aa2cf5fc-2d0b-405d-8ffa-f89be1581679",NA
"8cedceb4-faf7-46db-8dd1-8422f442b79d",NA
"f9e195c0-58ec-4b8e-9c2a-daba00028bc2",NA
"d5b7d811-d145-40d1-a4d7-509f7aedb509",NA
"86dd0a5b-5f59-4154-a1ba-ea8c730241f9",NA
"dcb1454d-fca6-45dd-abc5-19a4fe406792",NA
"af97032c-359b-424e-8f31-cccb57f13d92",NA
"5f993473-e94e-4227-a1e5-35970c5a2b81",NA
"e1cc8762-4371-4ec4-99b4-d92745d1e3b9",NA
"137aa6d4-f25f-4763-b3dc-8cacba2d25f3",NA
"1f9f93dd-873b-4df1-95f2-89f2e8b33a90",NA
"9fd6ba87-0780-47e9-a9df-4109901e5603",NA
"e469794c-169b-4eb2-83a0-2deb1fd52bbd",NA
"4a0f58ec-10d4-4fe6-b90f-68fc8856146d",NA
"788c3a9d-8b05-455d-9ae4-0ba48badb5c4",NA
"a23a86e6-2834-4041-b94f-0f25330803a1",NA
"a45328c2-82c5-4e40-97c7-a0ff21e8836f",NA
"04e50863-780c-46f8-8c68-d7b54d829b3b",NA
"e6614d6a-e02f-449a-a1ba-7fe0c702f85e",NA
"91b6cc81-5715-4e51-83dc-9b110b609e4b",NA
"032c26d0-6b2a-40e8-a5e2-de95d1ba91ca",NA
"b394ace8-7f77-4cb4-9fc0-5c3ade097da4",NA
"38d8b192-07ae-4a97-9dbb-4646e9ecbfb5",NA
"b3dcfd00-6279-4c53-9c55-5e97c7160e27",NA
"2b4d51bf-3140-4455-bd37-47d31a277ce2",NA
"d9438fcc-c067-4dc0-a26f-e6c9338ad551",NA
"2da8a9d1-3e07-49d4-9f57-64804f29e40b",NA
"5d1b7ac0-cdc3-4bb5-8917-1e665ca8d1b2",NA
"0892aad4-d5cb-405d-a91a-5e9b58d56ad0",NA
"d2b5a947-a0e2-4985-a051-ac0d5ad04b5a",NA
"40c96040-a4db-4d92-a9c0-4383471707c2",NA
"06bd18f2-b9f9-4487-8f63-f76dcea270d2",NA
"02d09539-e3a8-407c-9b2e-9b384632574b",NA
"674b4faa-8d2e-40e3-9e54-e5fd5839b613",NA
"b521ed06-2036-4b3e-93b3-2c3146e54850",NA
"824c6d57-c919-4292-b3c4-30155c79deb5",NA
"6fd47b97-fab6-47aa-8052-132258e6e7c5",NA
"1de50cac-bb2d-43c2-a408-dbcd34f16652",NA
"1fef4954-6c40-46e9-970e-56da06496812",NA
"cad4df1e-58a7-4528-b385-390a012362d4",NA
"b22e0784-0121-4c80-9238-f1ff641d0f36",NA
"4ea73734-acc7-44bb-9df1-6da9aece4fdb",NA
"a61c1d3f-393b-4118-855f-08f507e767cf",NA
"4e664b71-e5f5-438b-8afd-d8e318cf0a89",NA
"55a04283-541c-495d-ad55-5564b3ef067b",NA
"e3b1fd9e-95db-457f-ac5d-baf5d022c1c1",NA
"01b4461d-3883-44f2-b654-2a6c437c2ef8",NA
"7260bff7-8a75-4e8e-b3de-592065a7b0b0",NA
"82e942d8-4717-44f0-a5b9-196c35c43c8a",NA
"2c1236d6-92e9-4f84-b70e-becf1a6bbc08",NA
"7955ef9e-85f9-4b4b-812e-5b5c0c7ebab1",NA
"595f056a-bd0a-4b98-b48b-a8a4edfaf3f8",NA
"68dc47c6-9262-4718-82f0-308ff46e9b18",NA
"895fbcac-9f6a-4c5d-ac4f-f17bddd7cb5a",NA
"6a7b04a1-a30d-4983-a273-66e0e2da8b9d",NA
"51e8cdf4-e48a-401f-94c5-502efc5ab794",NA
"9b4912ad-b3a5-44a4-9c91-c1941a9f0886",NA
"75850909-ecaf-4080-8c71-a07f3866e109",NA
"118ee362-3cce-4d40-a95b-c08e30965a09",NA
"d69ce360-510c-428b-a8b9-347ca25b492c",NA
"0b6b927f-e6f7-4d4c-9a2a-c844797c7cef",NA
"d8c6c944-0967-4564-b171-5ae510f144af",NA
"3fac4672-56ba-42c7-afa5-86abfc1ce0f8",NA
"f8eee83e-06ae-4571-8422-c78f9432e241",NA
"8afb30f0-9780-48e1-986f-4d8bae068058",NA
"7001befb-d1cd-4407-ae94-d360c0bc07c6",NA
"66a08b7f-67b0-4581-83bb-46348a990f28",NA
"74dd871d-5da5-4ffa-ba41-9656052f0082",NA
"a1cd6cee-2cf0-4b74-a564-f00ba236d22f",NA
"d49b8605-c6e5-41bf-b4d7-0b3e20a71ee6",NA
"fa3e890a-8585-40c3-baaf-04fc184d0820",NA
"d90f0d10-0010-4d30-add0-e5df7e3ba19c",NA
"944e9d5c-50c6-444b-9b57-e7ecae5d4868",NA
"f7c91bbb-c2d7-49c5-a640-68846e9eabc2",NA
"2686fe1d-aab7-430a-a0c4-f48c9d1e05df",NA
"827d1c9a-ac7d-418b-9d56-c2a0fdd707c9",NA
"09ab76e0-25e3-4176-b439-cb4e79e2f881",NA
"ef177ff7-5d19-4add-bb49-74c7c5529069",NA
"7da52d43-5b9d-46aa-a0e7-f198b76654ee",NA
"2c0fe1c2-ee11-46fa-b434-dbbd674fad2c",NA
"8823bb75-dd2f-4109-9be8-e350c2d43170",NA
"759f215c-d368-4a25-a711-5a441f920ab5",NA
"883d09a8-3d01-4679-978c-460ccddc4115",NA
"5d5bdde4-8b14-45c1-bf40-11a93386088f",NA
"13174994-f73e-4b4f-a8f4-224c64139705",NA
"99901593-8251-49a2-82a0-72aca182cfcd",NA
"507af8c2-fd44-453d-ad14-1bc218031fdf",NA
"9ef276a4-1545-4360-a864-0fae11079f83",NA
"8bcac6bf-1b48-496b-9394-558f5ac215c1",NA
"654d2a88-9385-4284-aff1-2225f0a49c1c",NA
"fdb870d3-98e6-4f75-b962-bef82099694d",NA
